S1|Eu Corp.|P.O. Box 781                                                                                           ,9818 Consectetuer Av.|9233|Wieze|Belgium
S2|A Mi LLP|Ap #620-6389 Ac Rd.|7491|Aartrijke|Belgium
S3|Integer Mollis Integer Inc.|984-590 Scelerisque Road|43357|Hamburg|Germany
S4|Felis Purus Ac Consulting|P.O. Box 925                                                                          ,956 Integer Rd.|00151|Vänersborg|Sweden
S5|Nunc Ullamcorper Consulting|514-1468 Fusce Road|28650|Uddevalla|Sweden
S6|Diam Luctus Lobortis Institute|Ap #384-8240 A Rd.|43777|Värnamo|Sweden
S7|Sollicitudin Industries|Ap #796-1688 Rutrum. Rd.|2592|Elversele|Belgium
S8|Quis Arcu Consulting|258-8028 Luctus Av.|122415|Santo Domingo|Chile
S9|Tortor Integer Aliquam Institute|882-7698 Morbi Road|35841|Bremerhaven|Germany
S10|Proin Incorporated|3679 Tortor Rd.|6099|Hertsberge|Belgium
S11|Pellentesque Ut Ipsum PC|3989 Lorem Av.|569402|Freirina|Chile
S12|Nec Orci PC|Ap #488-3588 Ipsum Avenue|53731|Motala|Sweden
S13|Sed Hendrerit A Consulting|Ap #514-854 Erat                                                                    ,Avenue|1497|Ukkel|Belgium
S14|Ligula Consectetuer Rhoncus Ltd|1866 Mauris St.|6402|Elsene|Belgium
S15|Varius Ultrices Company|1144 Semper Rd.|29000|Tranås|Sweden
S16|Sed Sapien Nunc Inc.|Ap #689-6115 Vehicula Rd.|43145|Rastatt|Germany
S17|Faucibus LLP|Ap #478-3349 A                                                                                    ,Rd.|7123|Helkijn|Belgium
S18|Ullamcorper Viverra PC|1348 Aliquam Avenue|07820|Bad Hersfeld|Germany
S19|Et Consulting|Ap #287-5856 Sit Rd.|2153|Meux|Belgium
S20|Vitae Posuere PC|3055 Ullamcorper. Avenue|35537|Norrköping|Sweden
S21|Duis Sit PC|467-5603 Eu Rd.|42472|Linköping|Sweden
S22|Amet Consectetuer Adipiscing Company|640-297 Ultrices Road|76435|Heidelberg|Germany
S23|Elit Dictum Eu Company|Ap #985-7789 Sapien Street|44508|Wernigerode|Germany
S24|Felis Purus Ltd|P.O. Box 434                                                                                   ,3515 Felis Road|6400|Burdinne|Belgium
S25|At Auctor Ullamcorper Company|602-4841 Ligula. St.|83071|Gelsenkirchen|Germany
S26|Feugiat Consulting|111-712 Sem Avenue|40620|Saarlouis|Germany
S27|Ut Corporation|Ap #288-1283 Suspendisse Road|3263|Marbaix|Belgium
S28|Tellus Incorporated|Ap #848-749 Convallis St.|69047|Täby|Sweden
S29|Cras LLC|100-1814 Lacinia Avenue|2892|Tielrode|Belgium
S30|Fermentum PC|7182 Lorem St.|302758|Melipilla|Chile
S31|Eu Corp.|242-497 Placerat Ave|78074|Upplands Väsby|Sweden
S32|Nec Cursus LLC|5482 Ornare Street|586672|Río Bueno|Chile
S33|Luctus Associates|Ap #758-4290 Ipsum. St.|9567|Knokke|Belgium
S34|Sodales Mauris Blandit Industries|140-9490 Mi St.|957994|La Cisterna|Chile
S35|Magna Cras Convallis LLC|Ap #884-7166 Urna Av.|22141|Neustrelitz|Germany
S36|Iaculis Nec PC|330-1483 Lacus. Av.|13367|Linköping|Sweden
S37|In Faucibus Limited|191-877 Neque Avenue|6196|Wepion|Belgium
S38|Dui Company|P.O. Box 258                                                                                       ,5917 Lacus. Av.|430311|Panguipulli|Chile
S39|Est Ac Mattis Associates|3163 Ac Road|85865|Hamburg|Germany
S40|Sodales Elit Corp.|948-1809 Gravida. Ave|1503|Turnhout|Belgium
S41|Consectetuer Rhoncus Corp.|Ap #197-2798 Lorem                                                                  ,Avenue|85110|Wetzlar|Germany
S42|Congue Company|657-4744 Interdum Street|6754|Villers-aux-Tours|Belgium
S43|Sit Amet Lorem Company|P.O. Box 890                                                                            ,7538 Nisl. Av.|9094|Moustier-sur-Sambre|Belgium
S44|Et Malesuada Fames Industries|7310 Dolor Rd.|798243|Monte Patria|Chile
S45|Ligula Industries|Ap #840-8193 Curabitur Av.|90813|Bremen|Germany
S46|At Egestas Institute|5705 Libero Ave|01736|Berlin|Germany
S47|Velit Aliquam Nisl Corp.|P.O. Box 321                                                                          ,1479 Diam St.|87443|Hamburg|Germany
S48|Eros Corporation|1987 Ornare Av.|85653|Göteborg|Sweden
S49|Mauris Sagittis LLP|Ap #274-3776 Ac                                                                            ,Rd.|43849|Ravensburg|Germany
S50|Risus Consulting|8575 Metus. St.|52807|Bremen|Germany
S51|Ante Bibendum Consulting|823-8905 Vestibulum St.|53541|Heidenheim|Germany
S52|Blandit Nam LLP|3896 Mi                                                                                        ,Av.|31324|Mora|Sweden
S53|Nonummy Ipsum Associates|257-5640 Aliquet. Rd.|990977|Los Lagos|Chile
S54|Tincidunt Neque Corp.|623-2929 Nunc Road|5467|Sint-Gillis|Belgium
S55|Accumsan Laoreet Ipsum LLP|Ap #431-6832 Posuere Rd.|801121|Chillán Viejo|Chile
S56|Scelerisque Neque Inc.|Ap #956-3748 Consectetuer St.|13043|Dillingen|Germany
S57|Eget Dictum Limited|300-5187 Volutpat. Ave|7425|Toernich|Belgium
S58|Erat Etiam Inc.|8872 Fringilla Rd.|918747|Huechuraba|Chile
S59|Interdum Feugiat LLP|Ap #173-5931 Venenatis Ave|75346|Borlänge|Sweden
S60|Nisi Incorporated|Ap #957-3287 Ipsum Av.|94710|Plauen|Germany
S61|Ac LLC|438-3645 Eros. St.|41817|Tranås|Sweden
S62|Dolor Dapibus Gravida LLC|P.O. Box 351                                                                         ,3269 Venenatis Road|036224|Los Vilos|Chile
S63|Urna Justo Faucibus LLC|P.O. Box 568                                                                           ,201 Tempus Ave|294123|Cabo de Hornos|Chile
S64|At Velit Pellentesque Consulting|P.O. Box 420                                                                  ,8357 Vestibulum Rd.|33367|Jönköping|Sweden
S65|In Molestie Tortor Institute|4732 A                                                                            ,Street|6774|Beez|Belgium
S66|Elit Inc.|Ap #493-1629 Dolor Ave|32566|Rüsselsheim|Germany
S67|Convallis Erat Eget Limited|P.O. Box 921                                                                       ,7437 Fusce Rd.|90097|Gävle|Sweden
S68|Dictum LLP|340-551 Adipiscing Rd.|521780|Freirina|Chile
S69|Non Inc.|7804 Aliquam St.|66655|Lerum|Sweden
S70|Nullam Ut Limited|P.O. Box 229                                                                                 ,8498 Ac Avenue|2896|Jamioulx|Belgium
S71|Lorem Auctor Quis LLC|408-8853 Elit Street|209777|Ercilla|Chile
S72|Lorem Luctus Ut Incorporated|626-8180 Consequat Street|23821|Markkleeberg|Germany
S73|Elit Limited|2093 Egestas Ave|218895|Penco|Chile
S74|Cras PC|Ap #849-9412 Nunc Road|87181|Neuss|Germany
S75|Consectetuer Corp.|618-1515 Non                                                                                ,Avenue|11718|Mörfelden-Walldorf|Germany
S76|Id LLC|319-7009 Tincidunt Street|89114|Mora|Sweden
S77|Erat Volutpat Foundation|508-1884 Lectus                                                                       ,St.|7513|Corroy-le-Grand|Belgium
S78|Non Incorporated|Ap #634-5161 Gravida. St.|97473|Hamburg|Germany
S79|Pede LLC|Ap #782-9412 Libero Ave|338708|Quellón|Chile
S80|Sem Vitae Corp.|9961 Placerat. St.|91271|Rostock|Germany
S81|Lectus Pede Ultrices Corp.|8412 Quisque St.|401406|Iquique|Chile
S82|Et LLP|Ap #516-6821 Et Av.|65010|Andernach|Germany
S83|Quisque Libero Lacus LLP|5255 Blandit Av.|3191|Macon|Belgium
S84|Duis LLP|4049 Pede                                                                                             ,Av.|433891|Porvenir|Chile
S85|Sem Magna Nec Company|451-4998 Cursus Street|562179|Puerto Varas|Chile
S86|Quisque Inc.|P.O. Box 927                                                                                      ,7578 Duis Rd.|32001|Lidköping|Sweden
S87|In Lorem Donec LLC|Ap #285-1339 Eu                                                                             ,Av.|5158|PiŽtrebais|Belgium
S88|Magna A Company|Ap #832-3558 Vitae                                                                             ,Road|57712|Rathenow|Germany
S89|Sed Industries|Ap #364-8816 Lacus St.|6937|Rotheux-RimiŽre|Belgium
S90|Lectus Incorporated|Ap #398-1113 Aenean St.|824239|Olivar|Chile
S91|Ac Nulla PC|525-7678 Suspendisse St.|59790|Borås|Sweden
S92|Velit Consulting|317-6447 In Av.|663610|Los Vilos|Chile
S93|Velit Dui Consulting|P.O. Box 775                                                                              ,2713 Vitae                                     ,St.|3332|Zele|Belgium
S94|Enim Sed Nulla Company|P.O. Box 175                                                                            ,7126 Sit Road|295587|Cauquenes|Chile
S95|Felis Corporation|Ap #259-3189 Sodales Av.|15872|Schwerin|Germany
S96|Risus Associates|4261 Sed Road|697491|Petorca|Chile
S97|Eu Nulla Incorporated|8148 Id Av.|490720|Portezuelo|Chile
S98|Ac Mi Eleifend LLC|288-2738 Turpis. Street|70114|Göteborg|Sweden
S99|Molestie LLP|645-9501 Quam Street|99396|Halle|Germany
S100|Mauris Morbi Foundation|Ap #492-5381 Ipsum Road|049251|Valparaíso|Chileid|shopName|address|postal|city|country
S1|Semper Inc.|Ap #664-6814 Dictum St.|448159|Calama|Chile
S2|Accumsan Laoreet PC|P.O. Box 550                                                                                ,4713 Integer Rd.|37181|Nässjö|Sweden
S3|Erat Limited|563-1323 Eros Av.|89665|Boo|Sweden
S4|Ultrices Mauris Inc.|Ap #881-9454 Volutpat. Ave|00308|Berlin|Germany
S5|A Purus Duis Limited|6487 Tellus. St.|3946|Leval-Chaudeville|Belgium
S6|Diam Duis Mi Consulting|4542 Et Av.|01352|Hudiksvall|Sweden
S7|Amet Nulla Inc.|P.O. Box 240                                                                                    ,4524 Eu Av.|241364|Alto del Carmen|Chile
S8|Sem Magna Ltd|P.O. Box 322                                                                                      ,3669 Arcu. Rd.|00176|Landau|Germany
S9|Neque Company|750-3889 Vel Street|15578|Avesta|Sweden
S10|Orci Corporation|4375 Velit. Road|13114|Bremerhaven|Germany
S11|Adipiscing Company|7732 Enim. Street|77851|Schwalbach|Germany
S12|Mauris Limited|447-1552 Sed Av.|96561|Brandenburg|Germany
S13|Aenean Consulting|P.O. Box 687                                                                                 ,3743 A Rd.|7864|Meer|Belgium
S14|Ante Lectus LLC|2872 In Rd.|7561|Bleid|Belgium
S15|Hendrerit Associates|8357 Metus. Rd.|14852|Lingen|Germany
S16|Orci Consulting|P.O. Box 665                                                                                   ,9042 Integer Ave|7252|Aisemont|Belgium
S17|A Institute|Ap #793-2293 In Rd.|97599|Lidköping|Sweden
S18|Quis Lectus Industries|757-4921 Curabitur St.|7211|Gerpinnes|Belgium
S19|Fusce Industries|P.O. Box 235                                                                                  ,4193 Malesuada Road|76787|Schleswig|Germany
S20|Mauris Sapien Associates|368-1618 Nulla Ave|19575|Trollhättan|Sweden
S21|Nam Consequat Dolor Corp.|Ap #537-6528 Convallis Road|2816|Bothey|Belgium
S22|Scelerisque Industries|P.O. Box 987                                                                            ,624 Mauris                                     ,St.|313824|Río Verde|Chile
S23|Blandit Viverra Company|593-7962 Ornare                                                                        ,St.|3470|Etterbeek|Belgium
S24|Dictum Proin LLC|404-9908 Purus. St.|87543|Bremerhaven|Germany
S25|Et Magna Praesent Inc.|3578 Amet                                                                               ,Street|384129|El Quisco|Chile
S26|Vitae LLP|Ap #157-6359 Eu Street|91709|Märsta|Sweden
S27|Malesuada Fringilla Associates|4615 Urna. St.|72419|Värnamo|Sweden
S28|Fermentum Institute|1666 Auctor                                                                                ,St.|7389|Lede|Belgium
S29|Ligula Corporation|3941 Dolor. St.|58239|Güstrow|Germany
S30|Eu Dui Consulting|2778 Nunc Rd.|25229|Boo|Sweden
S31|Dictum Institute|P.O. Box 796                                                                                  ,1289 Semper St.|071537|O'Higgins|Chile
S32|Fringilla Ornare Company|P.O. Box 125                                                                          ,6496 Eget                                      ,Rd.|122206|Algarrobo|Chile
S33|Arcu Foundation|P.O. Box 120                                                                                   ,1936 Mauris Ave|52961|Avesta|Sweden
S34|Eleifend Cras PC|Ap #471-2289 Sit Street|77002|Viernheim|Germany
S35|Nonummy LLC|640-281 Facilisis Street|45768|Meißen|Germany
S36|Donec Egestas LLC|9943 Proin Street|18223|Spremberg|Germany
S37|Erat Eget Ipsum Industries|716-6619 Cursus. Rd.|21810|Nässjö|Sweden
S38|Aliquam Eros Turpis Associates|Ap #947-657 Vel                                                                 ,St.|218953|Chañaral|Chile
S39|Quisque Ornare Tortor Company|714-8144 Nunc Av.|2222|Dhuy|Belgium
S40|Adipiscing Elit Aliquam Foundation|P.O. Box 958                                                                ,9299 At                                        ,Avenue|26918|Salzgitter|Germany
S41|Magna Suspendisse Tristique Institute|914-1576 Magnis Avenue|677696|Illapel|Chile
S42|A Arcu Sed Consulting|749-8986 Aliquam Rd.|590267|Panguipulli|Chile
S43|Donec Nibh Inc.|3770 Libero Rd.|1514|Profondeville|Belgium
S44|Sed Libero PC|Ap #666-7185 Ante. Ave|77960|Borlänge|Sweden
S45|Felis Donec Ltd|763-9703 Dictum St.|52130|Ludwigsburg|Germany
S46|Nunc Risus Varius LLP|Ap #397-7038 Erat Road|2809|Avin|Belgium
S47|Vestibulum Nec Consulting|P.O. Box 629                                                                         ,892 Magna. St.|69678|Parchim	City|Germany
S48|Neque Sed Foundation|Ap #624-5900 In Rd.|13842|Bremerhaven|Germany
S49|Amet Foundation|P.O. Box 957                                                                                   ,7712 Ullamcorper Rd.|51940|Berlin|Germany
S50|Risus Inc.|Ap #174-3764 Sit Road|81408|Ludvika|Sweden
S51|Mauris Morbi Industries|4966 Urna. Avenue|974240|San Nicolás|Chile
S52|Vel Foundation|Ap #982-3150 Lacinia Avenue|359178|Las Condes|Chile
S53|Pharetra Felis Eget Associates|6414 Neque Ave|99296|Dresden|Germany
S54|Neque Morbi Corporation|P.O. Box 727                                                                           ,6893 Ipsum. Rd.|87630|Bochum|Germany
S55|Integer Institute|969 Non Rd.|147222|Cisnes|Chile
S56|Et Nunc Quisque Corporation|P.O. Box 374                                                                       ,9293 Dolor                                     ,Ave|9638|Herne|Belgium
S57|Aliquet Magna A Corporation|Ap #289-7122 Vitae Street|59262|Hofors|Sweden
S58|Montes Nascetur Limited|Ap #911-6165 Orci St.|4379|Villers-Perwin|Belgium
S59|Vulputate Industries|865-5169 Vitae                                                                            ,St.|294013|Palmilla|Chile
S60|Praesent Foundation|Ap #961-791 In Road|4116|Helkijn|Belgium
S61|Lectus Associates|483-6044 Pellentesque St.|3064|Baardegem|Belgium
S62|Quis LLP|5648 Lobortis. Street|087696|Camarones|Chile
S63|Dolor Quisque Tincidunt Incorporated|780 Erat St.|43959|Vetlanda|Sweden
S64|Vitae Diam Proin Limited|6725 Quis Rd.|1213|Broechem|Belgium
S65|Adipiscing Non Ltd|Ap #128-8072 Eget Road|65502|Alingsås|Sweden
S66|Cursus A Institute|Ap #553-911 Fermentum Street|179482|Las Cabras|Chile
S67|Sit Amet Industries|9796 Enim Road|53290|Rastatt|Germany
S68|Sodales At LLC|P.O. Box 340                                                                                    ,422 Nisi. St.|5747|Walhain-Saint-Paul|Belgium
S69|In Associates|P.O. Box 245                                                                                     ,3219 Adipiscing Rd.|34125|Mjölby|Sweden
S70|Duis Mi Enim Associates|318-5935 In Rd.|9110|Bevel|Belgium
S71|Consequat Ltd|Ap #180-7394 Ut Rd.|8225|Jemeppe-sur-Sambre|Belgium
S72|Quis Lectus Nullam Consulting|4830 Mauris Rd.|276259|Putre|Chile
S73|Purus In Company|7038 Faucibus Rd.|01243|Berlin|Germany
S74|Diam Company|Ap #699-9831 Maecenas Street|49103|Neustadt am Rübenberge|Germany
S75|Eu Odio Tristique Company|P.O. Box 583                                                                         ,4378 Ultrices Ave|82901|Stralsund|Germany
S76|Purus Ac Foundation|Ap #779-6937 Arcu. St.|72107|Finspång|Sweden
S77|Congue A Aliquet Institute|560-776 Et                                                                          ,Rd.|46909|Värnamo|Sweden
S78|Maecenas Ltd|6244 Morbi Rd.|821868|Tierra Amarilla|Chile
S79|Hymenaeos Mauris Ut PC|8705 Urna Ave|197348|Sagrada Familia|Chile
S80|Ornare Lectus LLC|292-6639 Ligula. Rd.|6866|Sijsele|Belgium
S81|Mollis Lectus Institute|Ap #512-5711 Mauris Ave|49502|Saarbrücken|Germany
S82|Senectus Et Netus Consulting|Ap #171-9400 Eget Road|59562|Norrköping|Sweden
S83|Vitae Associates|539-4601 Vitae Avenue|080118|Copiapó|Chile
S84|Semper Nam Corp.|Ap #958-5979 Quisque Rd.|2269|Tielen|Belgium
S85|Pellentesque Massa Inc.|P.O. Box 826                                                                           ,2036 Aenean Street|44752|Norrköping|Sweden
S86|Nec Luctus Felis Foundation|108-6632 Tortor Ave|95084|Bremerhaven|Germany
S87|Nisl Arcu Iaculis LLP|P.O. Box 559                                                                             ,1167 Ipsum Av.|893700|Iquique|Chile
S88|Mauris Ut LLP|8785 Massa. St.|890630|Tomé|Chile
S89|Posuere Cubilia Curae; Institute|650-1537 Proin Ave|88517|Borlänge|Sweden
S90|Eget Laoreet Consulting|8061 Ipsum St.|659334|San Juan de la Costa|Chile
S91|Vel Foundation|1937 Mollis St.|66151|Hofors|Sweden
S92|Habitant Morbi Tristique PC|P.O. Box 205                                                                       ,8928 Luctus Avenue|6576|Lampernisse|Belgium
S93|Luctus LLC|762-694 Euismod St.|111558|Cisnes|Chile
S94|Vel LLP|P.O. Box 855                                                                                           ,8250 Tincidunt                                 ,St.|74978|Söderhamn|Sweden
S95|Dui Semper Et Associates|P.O. Box 186                                                                          ,3368 Donec Rd.|355902|Calbuco|Chile
S96|Lectus Associates|Ap #865-9039 Mus. Street|306931|Diego de Almagro|Chile
S97|Tellus Limited|8635 Egestas. St.|954059|Tortel|Chile
S98|Leo Institute|2213 Metus Av.|5584|Montigny-le-Tilleul|Belgium
S99|Sed Neque Inc.|823-4940 Vel Av.|88094|Wismar|Germany
S100|Ante Vivamus Non Ltd|Ap #802-8342 Ipsum Rd.|959110|Chile Chico|Chile