Beer Factory|Rue Falise 98|9233|Wieze|Belgium|B1,B6
Faucibus Corp|Rue de Fichermont 62|7491|Aartrijke|Belgium|B2,B1
Blandit|Brantingsgatan 4|31324|Mora|Sweden|B3,B2
Varius Ultrices Company|Sempervägen 14|29000|Tranås|Sweden|B4,B3
Risus |Metus Straße 8575|52807|Bremen|Germany|B5,B4
Quisque Inc.|Duisgatan 75|32001|Lidköping|Sweden|B6,B5
In Lorem Donec LLC|Chemin Royal 22|5158|PiŽtrebais|Belgium|B1,B6
Eu Odio Tristique Company|Hauptstraße 43|82901|Stralsund|Germany|B2,B1
Lorem Auctor Quis LLC|Cuevas 408|209777|Ercilla|Chile|B3,B2
Elit Limited|Av. Egestas 203|218895|Penco|Chile|B4,B3
Pede LLC|Av. Libero 782|338708|Quellón|Chile|B5,B4