Eu Corp.|Rue Falise 98|9233|Wieze|Belgium|B2                       ,B3,B4
FaucibusLLP|Rue de Fichermont 62|7491|Aartrijke|Belgium|B1         ,B5,B6
Blandit Nam LLP|Brantingsgatan 4|31324|Mora|Sweden|B2              ,B3,B4
Varius Ultrices Company|Sempervägen 14|29000|Tranås|Sweden|B1      ,B3
Risus |Metus Straße 8575|52807|Bremen|Germany|B1                   ,B4,B5,B6
Quisque Inc.|Duisgatan 75|32001|Lidköping|Sweden|B2                ,B3,B4
In Lorem Donec LLC|Chemin Royal 22|5158|PiŽtrebais|Belgium|B2      ,B4,B6
Eu Odio Tristique Company|Hauptstraße 43|82901|Stralsund|Germany|B2,B3,B5
Lorem Auctor Quis LLC|Cuevas 408|209777|Ercilla|Chile|B2           ,B3,B5
Elit Limited|Av. Egestas 203|218895|Penco|Chile|B3                 ,B4,B5,B6
Pede LLC|Av. Libero 782|338708|Quellón|Chile|B4                    ,B5,B6